آدرس صفحه,عنوان (H1),ایمپرشن
https://nahalgasht.com/tours/iraq/karbala/,تور کربلا,371017
https://nahalgasht.com/tours/turkey/istanbul/,تور استانبول,337209
https://nahalgasht.com/tours/mashhad/,تور مشهد,264136
https://nahalgasht.com/tours/iraq/karbala/air/,تور کربلا هوایی,255637
https://nahalgasht.com/tours/iraq/karbala/ground/,تور زمینی کربلا,210787
https://nahalgasht.com/tour-of-mashhad-by-train/,تورهای مشهد با قطار,203535
https://nahalgasht.com/tours/turkey/van/train/,تور وان با قطار,192329
https://nahalgasht.com/tours/asia/armenia/,تور ارمنستان,182039
https://nahalgasht.com/tours/domestic/kish/,تور کیش,169361
https://nahalgasht.com/tours/turkey/van/,تور وان,166036
https://nahalgasht.com/tours/asia/thailand/,تور تایلند,161220
https://nahalgasht.com/tours/asia/emirates/dubai/,تور دبی,148855
https://nahalgasht.com/tours/turkey/train/,تور ترکیه با قطار,134940
https://nahalgasht.com/tours/turkey/antalya/,تور آنتالیا,132106
https://nahalgasht.com/tours/domestic/qeshm/,تور قشم,131497
https://nahalgasht.com/tours/asia/tajikistan/,تور تاجیکستان,116809
https://nahalgasht.com/tours/mashhad/from-tabriz/,تور مشهد از تبریز,112437
https://nahalgasht.com/tours/mashhad/from-isfahan/,تور مشهد از اصفهان,110651
https://nahalgasht.com/tours/turkey/istanbul/cheap/,تور ارزان استانبول,110544
https://nahalgasht.com/tours/asia/china/,تور چین,109760
https://nahalgasht.com/tours/asia/georgia/,تور گرجستان,108583
https://nahalgasht.com/tours/asia/russia/,تور روسیه,100779
https://nahalgasht.com/tours/domestic/kish/from-mashhad/,تور کیش از مشهد,98777
https://nahalgasht.com/tours/asia/indonesia/bali/,تور بالی,97957
https://nahalgasht.com/tours/asia/emirates/dubai/from-shiraz/,تور دبی از شیراز,96392
https://nahalgasht.com/tours/domestic/qeshm/from-mashhad/,تور قشم از مشهد,96181
https://nahalgasht.com/tours/domestic/qeshm/train/,تور قشم با قطار,94268
https://nahalgasht.com/tours/asia/emirates/dubai/from-isfahan/,تور دبی از اصفهان,93665
https://nahalgasht.com/tours/domestic/qeshm/last-moment/,تور قشم لحظه آخری,88816
https://nahalgasht.com/tours/fadak-train/,تور مشهد با قطار فدک,88085
https://nahalgasht.com/tours/asia/emirates/dubai/4-nights-5-days/,تور دبی ۴ شب و ۵ روز,85895
https://nahalgasht.com/tours/foreign/,تور خارجی,85595
https://nahalgasht.com/tours/domestic/,تور داخلی,85388
https://nahalgasht.com/tours/asia/armenia/ground/,تور ارمنستان زمینی,82819
https://nahalgasht.com/tours/mashhad/from-shiraz/,تور مشهد از شیراز,82433
https://nahalgasht.com/tours/turkey/istanbul/ground/,تور استانبول زمینی,81970
https://nahalgasht.com/tours/turkey/,تور ترکیه,80814
https://nahalgasht.com/tours/asia/thailand/phuket/,تور پوکت,79266
https://nahalgasht.com/tours/domestic/kish/from-isfahan/,تور کیش از اصفهان,79151
https://nahalgasht.com/tours/turkey/istanbul/last-moment/,تور لحظه آخری استانبول,78668
https://nahalgasht.com/tours/asia/india/,تور هند,76175
https://nahalgasht.com/tours/mashhad/from-karaj/,تور مشهد از کرج,72124
https://nahalgasht.com/tours/asia/thailand/pattaya/,تور پاتایا,68873
https://nahalgasht.com/tours/asia/georgia/tbilisi/,تور تفلیس,68265
https://nahalgasht.com/tours/turkey/van/vip-bus/,تور زمینی وان با اتوبوس Vip,67940
https://nahalgasht.com/cheap-mashhad-tours/,تورهای ارزان مشهد,67259
https://nahalgasht.com/tours/iraq/karbala/inexpensive/,تور ارزان کربلا,63868
https://nahalgasht.com/tours/asia/georgia/batumi/,تور باتومی,63391
https://nahalgasht.com/tours/mashhad/noor-train/,تور مشهد با قطار نور,63378
https://nahalgasht.com/tours/domestic/kish/last-moment/,تور لحظه آخری کیش,63113
https://nahalgasht.com/tours/asia/malaysia/,تور مالزی,61960
https://nahalgasht.com/mashhad-tours-last-minute/,تور لحظه آخری مشهد,61179
https://nahalgasht.com/tours/domestic/chabahar/,تور چابهار,57571
https://nahalgasht.com/tours/domestic/kish/from-shiraz/,تور کیش از شیراز,54588
https://nahalgasht.com/tours/domestic/shiraz/,تور شیراز,54369
https://nahalgasht.com/tours/domestic/kish/from-tabriz/,تور کیش از تبریز,54184
https://nahalgasht.com/mashhad-air-tour/,تورهای هوایی مشهد,52822
https://nahalgasht.com/tours/domestic/kish/inexpensive/,تور ارزان کیش,52530
https://nahalgasht.com/tours/mashhad/zendegi-train/,تور مشهد با قطار زندگی,52463
https://nahalgasht.com/tours/asia/georgia/tbilisi-batumi/,تور تفلیس باتومی,51684
https://nahalgasht.com/tours/iraq/karbala/arafat/,تور کربلا عرفه 1405,50233
https://nahalgasht.com/tours/asia/thailand/bangkok/,تور بانکوک,50082
https://nahalgasht.com/tours/iraq/karbala/from-karaj/,تور کربلا از کرج,49667
https://nahalgasht.com/tours/,تور,48788
https://nahalgasht.com/tours/asia/russia/moscow/,تور مسکو,48454
https://nahalgasht.com/tours/domestic/qeshm/qeshm-hormuz/,تور قشم هرمز,46980
https://nahalgasht.com/tours/last-moment/,تورهای لحظه آخری,45860
https://nahalgasht.com/tours/asia/thailand/bangkok-phuket/,تور بانکوک پوکت,45271
https://nahalgasht.com/tours/asia/armenia/summer/,تور ارمنستان تابستان 1405,45107
https://nahalgasht.com/tours/turkey/van/from-tabriz/,تور وان از تبریز,44921
https://nahalgasht.com/tours/asia/maldives/,تور مالدیو,44718
https://nahalgasht.com/tours/asia/georgia/inexpensive/,تور گرجستان ارزان,44522
https://nahalgasht.com/tours/mashhad/summer/,تور مشهد تابستان 1405,44049
https://nahalgasht.com/tours/asia/oman/,تور عمان,42918
https://nahalgasht.com/tours/europe/,تور اروپا,42870
https://nahalgasht.com/tours/europe/france/,تور فرانسه,41054
https://nahalgasht.com/tours/turkey/last-moment/,تور لحظه آخری ترکیه، شهرهای مختلف ترکیه,40136
https://nahalgasht.com/tours/turkey/van/air/,تور وان هوایی,39805
https://nahalgasht.com/tours/asia/singapore/,تور سنگاپور,39597
https://nahalgasht.com/tours/cheap/,تورهای ارزان,39079
https://nahalgasht.com/tours/iraq/karbala/nowruz/,تور کربلا نوروز 1405,38615
https://nahalgasht.com/tours/asia/japan/,تور ژاپن,38474
https://nahalgasht.com/tours/asia/sri-lanka/,تور سریلانکا,38199
https://nahalgasht.com/tours/europe/italy/,تور ایتالیا,37148
https://nahalgasht.com/tours/turkey/izmir/,تور ازمیر,35357
https://nahalgasht.com/tours/turkey/marmaris/,تور مارماریس,34008
https://nahalgasht.com/tours/asia/armenia/air/,تور ارمنستان هوایی,33672
https://nahalgasht.com/tours/mashhad/train-6-borads/,تور مشهد با قطار 6 تخته,33607
https://nahalgasht.com/tours/europe/spain/,تور اسپانیا,32363
https://nahalgasht.com/tours/europe/greece/,تور یونان,30930
https://nahalgasht.com/tours/asia/indonesia/bali/summer/,تور بالی تابستان 1405,30843
https://nahalgasht.com/combined-europe-tours/,تور ترکیبی اروپا,30296
https://nahalgasht.com/tours/domestic/isfahan/,تور اصفهان,30001
https://nahalgasht.com/tours/domestic/shiraz/train/,تور شیراز با قطار,29586
https://nahalgasht.com/tours/domestic/kish/nowruz/,تور کیش نوروز 1405,29577
https://nahalgasht.com/tours/turkey/istanbul/4-nights-5-days/,تور استانبول 4 شب و 5 روز,27585
https://nahalgasht.com/tours/europe/switzerland/,تور سوئیس,26920
https://nahalgasht.com/tours/asia/vietnam/,تور ویتنام,26237
https://nahalgasht.com/tours/turkey/trabzon/,تور ترابزون,25744
https://nahalgasht.com/tours/iraq/karbala/arbaeen/,تور اربعین کربلا,25207
https://nahalgasht.com/tours/turkey/istanbul/nowruz/,تور استانبول نوروز 1405,25091
https://nahalgasht.com/tours/turkey/antalya/affordable/,تور آنتالیا ارزان,24667
https://nahalgasht.com/tours/asia/indonesia/,تور اندونزی,24134
https://nahalgasht.com/tours/domestic/qeshm/spring/,تور قشم بهار 1405,24058
https://nahalgasht.com/tours/domestic/kish/kish-3days/,تور سه روزه کیش,23812
https://nahalgasht.com/tours/luxury/,تورهای لوکس,23667
https://nahalgasht.com/tours/air/,تورهای هوایی,22749
https://nahalgasht.com/tours/asia/russia/white-nights/,تور شب‌های سفید روسیه 1405,22179
https://nahalgasht.com/traveling-around-europe/,تور دور اروپا,22092
https://nahalgasht.com/tours/europe/inexpensive/,تور ارزان اروپا,21880
https://nahalgasht.com/tours/domestic/kish/dariush-grand-hotel/,تور کیش هتل داریوش,21718
https://nahalgasht.com/tours/turkey/van/from-karaj/,تور وان از کرج,20694
https://nahalgasht.com/tours/mashhad/from-yazd/,تور مشهد از یزد,20623
https://nahalgasht.com/tours/mashhad/nowruz/,تور مشهد نوروز 1405,20611
https://nahalgasht.com/tours/asia/india/mumbai/,تور بمبئی,20608
https://nahalgasht.com/tours/domestic/tabriz/,تور تبریز,20453
https://nahalgasht.com/tours/europe/germany/,تور آلمان,19982
https://nahalgasht.com/tours/mashhad/from-qom/,تور مشهد از قم,19790
https://nahalgasht.com/tours/africa/egypt/,تور مصر,19663
https://nahalgasht.com/tours/asia/india/goa/,تور گوا,18796
https://nahalgasht.com/tours/iraq/karbala/muharram/,تور کربلا محرم 1405,18124
https://nahalgasht.com/tours/europe/france/paris/,تور پاریس,18026
https://nahalgasht.com/tours/mashhad/from-hamedan/,تور مشهد از همدان,17910
https://nahalgasht.com/tours/iraq/erbil/,تور اربیل,17489
https://nahalgasht.com/tours/domestic/kish/half-board/,تور کیش با ناهار,17378
https://nahalgasht.com/tours/turkey/antalya/last-minute/,تور آنتالیا لحظه آخری,17076
https://nahalgasht.com/tours/from-isfahan/,تور از اصفهان,17014
https://nahalgasht.com/tours/asia/qatar/,تور قطر,16912
https://nahalgasht.com/tours/asia/armenia/from-tabriz/,تور ارمنستان از تبریز,16753
https://nahalgasht.com/tours/asia/far-east/,تورهای آسیای شرقی,16698
https://nahalgasht.com/tours/europe/norway/oslo/,تور اسلو,16403
https://nahalgasht.com/tours/asia/south-korea/,تور کره جنوبی,15574
https://nahalgasht.com/tours/europe/cyprus/,تور قبرس,15374
https://nahalgasht.com/tours/turkey/istanbul/summer/,تور استانبول تابستان 1405,15106
https://nahalgasht.com/tours/domestic/kish/toranj-marine-hotel/,تور کیش هتل ترنج,15031
https://nahalgasht.com/tours/domestic/yazd/,تور یزد,14687
https://nahalgasht.com/tours/europe/italy/nowruz/,تور ایتالیا نوروز 1405,14678
https://nahalgasht.com/tours/domestic/shiraz/air/,تورهای هوایی شیراز,14591
https://nahalgasht.com/tours/nowruz/,تور‌های نوروز ۱۴۰۵,14457
https://nahalgasht.com/tours/turkey/antalya/nowruz/,تور آنتالیا نوروز 1405,14248
https://nahalgasht.com/tours/europe/switzerland/geneva/,تور ژنو,14098
https://nahalgasht.com/tours/turkey/nowruz/,تور ترکیه نوروز 1405,13996
https://nahalgasht.com/tours/turkey/kusadasi/,تور کوش آداسی,13084
https://nahalgasht.com/tours/iraq/,تور عراق,12814
https://nahalgasht.com/tours/domestic/qeshm/nowruz/,تور قشم نوروز 1405,12641
https://nahalgasht.com/tours/asia/russia/saint-petersburg/,تور سنت پترزبورگ,12602
https://nahalgasht.com/tours/domestic/kish/from-rasht/,تور کیش از رشت,12536
https://nahalgasht.com/tours/asia/emirates/dubai/nowruz/,تور دبی نوروز 1405,12438
https://nahalgasht.com/tours/mashhad/from-ahvaz/,تور مشهد از اهواز,12352
https://nahalgasht.com/tours/turkey/bodrum/,تور بدروم,12290
https://nahalgasht.com/tours/domestic/kish/from-kerman/,تور کیش از کرمان,12267
https://nahalgasht.com/tours/mashhad/sinoor-hotel/,تور مشهد هتل سی نور,12238
https://nahalgasht.com/tours/asia/armenia/nowruz/,تور ارمنستان نوروز 1405,12051
https://nahalgasht.com/tours/asia/thailand/nowruz/,تور تایلند نوروز 1405,11975
https://nahalgasht.com/tours/turkey/van/from-khoy/,تور وان از خوی,11618
https://nahalgasht.com/tours/asia/syria/,تور سوریه,11522
https://nahalgasht.com/tours/asia/emirates/,تور امارات,11253
https://nahalgasht.com/tours/africa/tunisia/,تور تونس,11126
https://nahalgasht.com/tours/asia/emirates/dubai/from-mashhad/,تور دبی از مشهد,11122
https://nahalgasht.com/tours/america/brazil/,تور برزیل,10928
https://nahalgasht.com/tours/europe/germany/cologne/,تور کلن آلمان,10779
https://nahalgasht.com/tours/turkey/alanya/,تور آلانیا,10627
https://nahalgasht.com/tours/europe/netherlands/,تور هلند,10520
https://nahalgasht.com/nowruz-europe-tour/,تور اروپا نوروز 1405,10317
https://nahalgasht.com/tours/ground/,تورهای زمینی,10169
https://nahalgasht.com/tours/turkey/affordable/,تور ترکیه ارزان,10107
https://nahalgasht.com/tours/asia/kazakhstan/,تور قزاقستان,9738
https://nahalgasht.com/tours/asia/uzbekistan/,تور ازبکستان,9455
https://nahalgasht.com/tours/turkey/van/nowruz/,تور وان نوروز 1405,9388
https://nahalgasht.com/tours/domestic/chabahar/summer/,تور چابهار تابستان 1405,9358
https://nahalgasht.com/tours/mashhad/from-kerman/,تور مشهد از کرمان,9265
https://nahalgasht.com/tours/domestic/shiraz/from-mashhad/,تور شیراز از مشهد,9065
https://nahalgasht.com/tours/domestic/qeshm/from-isfahan/,تور قشم از اصفهان,8754
https://nahalgasht.com/tours/asia/azerbaijan/baku/,تور باکو,8488
https://nahalgasht.com/tours/domestic/kish/from-ahvaz/,تور کیش از اهواز,8331
https://nahalgasht.com/tours/africa/kenya/,تور کنیا,8316
https://nahalgasht.com/tours/mashhad/luxury/,لوکس‌ترین تورهای مشهد,8234
https://nahalgasht.com/tours/africa/south/,تور آفریقای جنوبی,8227
https://nahalgasht.com/tours/europe/cyprus/northern-cyprus/nowruz/,تور قبرس شمالی نوروز 1405,7996
https://nahalgasht.com/tours/domestic/kish/from-sari/,تور کیش از ساری,7992
https://nahalgasht.com/tours/domestic/kish/from-kermanshah/,تور کیش از کرمانشاه,7969
https://nahalgasht.com/tours/mashhad/bonrail/,تور مشهد قطار بن ریل,7828
https://nahalgasht.com/tours/asia/armenia/winter/dey/,تور ارمنستان دی 1405,7810
https://nahalgasht.com/tours/asia/china/nowruz/,تور چین نوروز 1405,7805
https://nahalgasht.com/tours/turkey/konya/,تور قونیه,7642
https://nahalgasht.com/tours/from-shiraz/,تور از شیراز,7539
https://nahalgasht.com/tours/domestic/kish/luxury/,تورهای لوکس و لاکچری کیش,7352
https://nahalgasht.com/tours/asia/malaysia/nowruz/,تور مالزی نوروز 1405,7341
https://nahalgasht.com/tours/mashhad/darvishi-hotel/,تور مشهد هتل درویشی,7320
https://nahalgasht.com/tours/domestic/chabahar/from-mashhad/,تور چابهار از مشهد,7319
https://nahalgasht.com/tours/africa/,تورهای قاره آفریقا,7318
https://nahalgasht.com/tours/tourism-train/,تورهای قطار گردشگری، روی ریل ایرانگردی,7295
https://nahalgasht.com/tours/asia/indonesia/bali/nowruz/,تور بالی نوروز 1405,7134
https://nahalgasht.com/tours/turkey/istanbul/from-tabriz/,تور استانبول از تبریز,7096
https://nahalgasht.com/tours/asia/,تورهای آسیایی,7034
https://nahalgasht.com/tours/turkey/istanbul/2-nights-3-days/,تور استانبول 2 شب و 3 روز,6997
https://nahalgasht.com/tours/america/canada/,تور کانادا,6807
https://nahalgasht.com/tours/mashhad/boshra-hotel/,تور مشهد هتل بشری,6798
https://nahalgasht.com/tours/turkey/ankara/,تور آنکارا,6604
https://nahalgasht.com/tours/domestic/shiraz/nowruz/,تور شیراز نوروز 1405,6409
https://nahalgasht.com/tours/domestic/ardebil/,تور اردبیل,6299
https://nahalgasht.com/tours/asia/malaysia/kuala-lumpur/,تور کوالالامپور,6287
https://nahalgasht.com/tours/europe/bulgaria/,تور بلغارستان,5920
https://nahalgasht.com/tours/turkey/antalya/from-tabriz/,تور آنتالیا از تبریز,5793
https://nahalgasht.com/tours/europe/austria/,تور اتریش,5788
https://nahalgasht.com/tours/europe/belgium/,تور بلژیک,5662
https://nahalgasht.com/tours/summer/,تور تابستان 1405,5647
https://nahalgasht.com/tours/turkey/antalya/ground/,تور آنتالیا زمینی,5637
https://nahalgasht.com/tours/europe/italy/venice/,تور ونیز | شرایط و قیمت استثنایی,5603
https://nahalgasht.com/tours/europe/sweden/,تور سوئد,5582
https://nahalgasht.com/tours/turkey/antalya/summer/,تور آنتالیا تابستان 1405,5528
https://nahalgasht.com/tours/mashhad/spring/farvardin/,تور مشهد فروردین 1405,5506
https://nahalgasht.com/tours/domestic/kish/spring/farvardin/,تور کیش فروردین 1405,5444
https://nahalgasht.com/tours/asia/azerbaijan/baku/summer/,تور باکو تابستان 1405,5383
https://nahalgasht.com/tours/europe/spain/madrid/,تور مادرید,5377
https://nahalgasht.com/tours/asia/thailand/phuket/nowruz/,تور پوکت نوروز 1405,5367
https://nahalgasht.com/tours/mashhad/winter/bahman/,تور مشهد بهمن 1405,5352
https://nahalgasht.com/tours/mashhad/hotels-near-shrine/,تور مشهد هتل نزدیک حرم,5267
https://nahalgasht.com/tours/winter/,تور زمستان 1405,5264
https://nahalgasht.com/tours/mashhad/almas-2-hotel/,تور مشهد هتل الماس 2,5090
https://nahalgasht.com/tours/europe/denmark/copenhagen/,تور کپنهاگ,5044
https://nahalgasht.com/tours/asia/emirates/dubai/7-nights-8-days/,تور دبی 7 شب و 8 روز,5029
https://nahalgasht.com/tours/europe/italy/florence/,تور فلورانس | شرایط و قیمت استثنایی,5012
https://nahalgasht.com/tours/domestic/yazd/train/,تور یزد با قطار,4988
https://nahalgasht.com/tours/europe/portugal/,تور پرتغال,4956
https://nahalgasht.com/tours/mashhad/ghasr-talaee-hotel/,تور مشهد هتل قصر طلایی,4933
https://nahalgasht.com/tours/iraq/karbala/imperatour-hotel/,تور کربلا هتل امپراطور,4930
https://nahalgasht.com/tours/europe/spain/barcelona/,تور بارسلونا,4897
https://nahalgasht.com/tours/iraq/karbala/ramadan/,تور کربلا رمضان 1405,4894
https://nahalgasht.com/tours/asia/russia/nowruz/,تور روسیه نوروز 1405,4844
https://nahalgasht.com/tours/asia/india/nowruz/,تور هند نوروز 1405,4713
https://nahalgasht.com/tours/europe/hungary/,تور مجارستان,4632
https://nahalgasht.com/tours/domestic/kish/summer/,تور کیش تابستان 1405,4612
https://nahalgasht.com/tours/europe/cyprus/northern-cyprus/,تور قبرس شمالی,4607
https://nahalgasht.com/tours/domestic/kerman/,تور کرمان,4466
https://nahalgasht.com/tours/domestic/shiraz/luxury/,تورهای لوکس شیراز,4441
https://nahalgasht.com/tours/turkey/istanbul/spring/farvardin/,تور استانبول فروردین 1405,4437
https://nahalgasht.com/tours/domestic/kermanshah/,تور کرمانشاه,4325
https://nahalgasht.com/tours/domestic/kish/marina-park-hotel/,تور کیش هتل مارینا پارک,4267
https://nahalgasht.com/tours/asia/maldives/nowruz/,تور مالدیو نوروز 1405,4261
https://nahalgasht.com/tours/domestic/qeshm/from-shiraz/,تور قشم از شیراز,4195
https://nahalgasht.com/tours/spring/,تور بهار 1405,4171
https://nahalgasht.com/tours/mashhad/nasim-hotel/,تور مشهد هتل نسیم,4057
https://nahalgasht.com/tours/asia/singapore/nowruz/,تور سنگاپور نوروز 1405,4013
https://nahalgasht.com/tours/domestic/kish/star-three-hotels/,تور کیش هتل 3 ستاره,3963
https://nahalgasht.com/tours/asia/azerbaijan/,تور آذربایجان,3949
https://nahalgasht.com/tours/asia/georgia/batumi/nowruz/,تور باتومی نوروز 1405,3923
https://nahalgasht.com/tours/domestic/ardebil/sareyn/,تور سرعین,3846
https://nahalgasht.com/tours/asia/oman/from-shiraz/,تور عمان از شیراز,3813
https://nahalgasht.com/tours/mashhad/tasua-and-ashura/,تور مشهد تاسوعا و عاشورا 1405,3810
https://nahalgasht.com/tours/europe/netherlands/amsterdam/,تور آمستردام,3791
https://nahalgasht.com/tours/domestic/kish/fall/azar/,تور کیش آذر 1405,3759
https://nahalgasht.com/tours/europe/italy/rome/,تور رم,3753
https://nahalgasht.com/tours/europe/czech-republic/,تور جمهوری چک,3637
https://nahalgasht.com/tours/turkey/istanbul/from-mashhad/,تور استانبول از مشهد,3628
https://nahalgasht.com/tours/asia/azerbaijan/baku/ground/,تور زمینی باکو,3541
https://nahalgasht.com/tours/europe/france/nowruz/,تور فرانسه نوروز 1405,3380
https://nahalgasht.com/tours/turkey/van/summer/,تور وان تابستان 1405,3362
https://nahalgasht.com/tours/asia/japan/nowruz/,تور ژاپن نوروز 1405,3353
https://nahalgasht.com/tours/europe/czech-republic/prague/,تور پراگ,3281
https://nahalgasht.com/tours/turkey/istanbul/from-shiraz/,تور استانبول از شیراز,3243
https://nahalgasht.com/tours/europe/summer/,تور اروپا تابستان 1405,3236
https://nahalgasht.com/tours/domestic/kish/mirage-hotel/,تور کیش هتل میراژ,3226
https://nahalgasht.com/tours/asia/emirates/dubai/summer/,تور دبی تابستان 1405,3214
https://nahalgasht.com/tours/iraq/karbala/shaban/,تور کربلا شعبان 1405,3169
https://nahalgasht.com/tours/domestic/chabahar/nowruz/,تور چابهار نوروز 1405,3163
https://nahalgasht.com/tours/domestic/kish/koroush-hotel/,تور کیش هتل کوروش,3123
https://nahalgasht.com/tours/turkey/cesme/,تور چشمه,3107
https://nahalgasht.com/tours/domestic/one-day/,تور یک روزه,3103
https://nahalgasht.com/tours/mashhad/ramadan/,تور مشهد ماه رمضان,3043
https://nahalgasht.com/tours/turkey/ankara/train/,تور آنکارا با قطار,3034
https://nahalgasht.com/tours/children-teenagers/,تور کودک و نوجوان,3031
https://nahalgasht.com/tours/asia/sri-lanka/nowruz/,تور سریلانکا نوروز 1405,3028
https://nahalgasht.com/tours/turkey/istanbul/spring/ordibehesht/,تور استانبول اردیبهشت 1405,2989
https://nahalgasht.com/tours/asia/philippines/,تور فیلیپین,2960
https://nahalgasht.com/tours/turkey/istanbul/spring/khordad/,تور استانبول خرداد 1405,2952
https://nahalgasht.com/tours/asia/lebanon/,تور لبنان,2928
https://nahalgasht.com/tours/europe/greece/athens/,تور آتن,2927
https://nahalgasht.com/tours/asia/india/golden-triangle/,تور مثلث طلایی هند,2921
https://nahalgasht.com/tours/mashhad/madinah-al-reza-hotel/,تور مشهد هتل مدینه‌الرضا,2912
https://nahalgasht.com/tours/asia/georgia/nowruz/,تور گرجستان نوروز 1405,2829
https://nahalgasht.com/tours/europe/italy/milan/,تور میلان + شرایط و قیمت استثنایی,2760
https://nahalgasht.com/tours/turkey/cappadocia/,تور کاپادوکیا,2734
https://nahalgasht.com/tours/europe/switzerland/zurich/,تور زوریخ,2720
https://nahalgasht.com/tours/europe/denmark/,تور دانمارک,2712
https://nahalgasht.com/tours/europe/norway/,تور نروژ,2690
https://nahalgasht.com/tours/domestic/isfahan/from-mashhad/,تور اصفهان از مشهد,2686
https://nahalgasht.com/tours/asia/thailand/spring/,تور تایلند بهار 1405,2651
https://nahalgasht.com/tours/turkey/istanbul/3-nights-4-days/,تور استانبول 3 شب و 4 روز,2644
https://nahalgasht.com/tours/turkey/istanbul/5-nights-6-days/,تور استانبول 5 شب و 6 روز,2603
https://nahalgasht.com/tours/europe/hungary/budapest/,تورهای بوداپست,2553
https://nahalgasht.com/tours/turkey/istanbul/winter/dey/,تور استانبول دی 1405,2441
https://nahalgasht.com/tours/domestic/kish/shayan-hotel/,تور کیش هتل شایان,2423
https://nahalgasht.com/tours/asia/china/guangzhou/,تور گوانجو,2404
https://nahalgasht.com/tours/asia/emirates/dubai/spring/,تور دبی بهار 1405,2377
https://nahalgasht.com/tours/asia/thailand/from-shiraz/,تور تایلند از شیراز,2357
https://nahalgasht.com/tours/foreign/under-n-million/,تور خارجی زیر 10 میلیون,2345
https://nahalgasht.com/tours/asia/armenia/spring/,تور ارمنستان بهار و تابستان 1405,2339
https://nahalgasht.com/tours/exhibition/,تورهای نمایشگاهی 1405,2325
https://nahalgasht.com/tours/america/colombia/,تور کلمبیا,2320
https://nahalgasht.com/tours/domestic/kish/panorama-hotel/,تور کیش هتل پانوراما,2278
https://nahalgasht.com/tours/winter/esfand/,تور اسفند ۱۴۰۵,2269
https://nahalgasht.com/tours/turkey/marmaris/nowruz/,تور مارماریس نوروز 1405,2265
https://nahalgasht.com/tours/europe/austria/vienna/,تور وین,2255
https://nahalgasht.com/tours/domestic/isfahan/nowruz/,تور اصفهان نوروز 1405,2255
https://nahalgasht.com/tours/asia/armenia/spring/khordad/,تور ارمنستان خرداد 1405,2235
https://nahalgasht.com/tours/africa/madagascar/,تور ماداگاسکار,2221
https://nahalgasht.com/tours/turkey/antalya/from-mashhad/,تور آنتالیا از مشهد,2206
https://nahalgasht.com/tours/cruise-ship/,تورهای کشتی کروز,2178
https://nahalgasht.com/tours/asia/georgia/summer/,تور گرجستان تابستان 1405,2147
https://nahalgasht.com/tours/domestic/kish/parmis-hotel/,تور کیش هتل پارمیس,2114
https://nahalgasht.com/tours/mashhad/ghasr-hotel/,تور مشهد هتل بین المللی قصر,2101
https://nahalgasht.com/tours/turkey/summer/,تور ترکیه تابستان 1405,2095
https://nahalgasht.com/tours/asia/russia/summer/,تور روسیه تابستان 1405,2091
https://nahalgasht.com/tours/asia/malaysia/from-mashhad/,تور مالزی از مشهد,2052
https://nahalgasht.com/tours/iraq/karbala/tasua-and-ashura/,تور کربلا تاسوعا و عاشورا 1405,2042
https://nahalgasht.com/tours/domestic/shiraz/spring/ordibehesht/,تور شیراز اردیبهشت 1405,2031
https://nahalgasht.com/tours/asia/india/from-shiraz/,تور هند از شیراز,2016
https://nahalgasht.com/tours/combined/,تورهای ترکیبی,2003
https://nahalgasht.com/tours/europe/finland/,تور فنلاند,1981
https://nahalgasht.com/tours/domestic/shiraz/winter/,تور شیراز زمستان 1405,1915
https://nahalgasht.com/tours/fifa-world-cup/,تور جام جهانی فوتبال 2026,1912
https://nahalgasht.com/tours/asia/india/from-mashhad/,تور هند از مشهد,1895
https://nahalgasht.com/tours/turkey/antalya/spring/khordad/,تور آنتالیا خرداد 1405,1893
https://nahalgasht.com/tours/domestic/kish/winter/,تور کیش زمستان 1405,1856
https://nahalgasht.com/tours/turkey/antalya/uall-hotels/,تور آنتالیا هتل‌های یوآل,1844
https://nahalgasht.com/tours/asia/russia/sochi/,تور سوچی,1837
https://nahalgasht.com/tours/mashhad/javad-hotel/,تور مشهد هتل جواد,1821
https://nahalgasht.com/tours/domestic/kish/spring/,تور کیش بهار 1405,1776
https://nahalgasht.com/tours/africa/mauritius/,تور موریس,1765
https://nahalgasht.com/tours/asia/russia/summer/mordad/,تور روسیه مرداد 1405,1756
https://nahalgasht.com/tours/asia/oman/from-mashhad/,تور عمان از مشهد,1749
https://nahalgasht.com/tours/domestic/kish/spring/khordad/,تور کیش خرداد 1405,1745
https://nahalgasht.com/tours/asia/malaysia/from-shiraz/,تور مالزی از شیراز,1737
https://nahalgasht.com/tours/mashhad/spring/khordad/,تور مشهد خرداد 1405,1729
https://nahalgasht.com/tours/domestic/kish/shaygan-hotel/,تور کیش هتل شایگان,1664
https://nahalgasht.com/tours/mashhad/spring/ordibehesht/,تور مشهد اردیبهشت 1405,1642
https://nahalgasht.com/tours/domestic/chabahar/lipar-hotel/,تور چابهار هتل لیپار,1642
https://nahalgasht.com/tours/turkey/trabzon/summer/,تور ترابزون تابستان 1405,1624
https://nahalgasht.com/tours/europe/belgium/brussels/,تور بروکسل,1614
https://nahalgasht.com/tours/domestic/kish/gamberon-hotel/,تور کیش هتل گامبرون,1606
https://nahalgasht.com/tours/asia/azerbaijan/nowruz/,تور آذربایجان نوروز 1405,1597
https://nahalgasht.com/tours/mashhad/rose-darvishi-hotel/,تور مشهد هتل رز درویشی,1596
https://nahalgasht.com/tours/asia/azerbaijan/baku/nowruz/,تور باکو نوروز 1405,1549
https://nahalgasht.com/tours/asia/china/exhibition/,تور نمایشگاهی چین,1518
https://nahalgasht.com/tours/turkey/istanbul/fall/azar/,تور استانبول آذر 1405,1508
https://nahalgasht.com/tours/america/brazil/nowruz/,تور برزیل نوروز 1405,1478
https://nahalgasht.com/tours/mashhad/diplomat-hotel/,تور مشهد هتل دیپلمات,1463
https://nahalgasht.com/tours/turkey/trabzon/nowruz/,تور ترابزون نوروز 1405,1440
https://nahalgasht.com/tours/europe/portugal/lisbon/,تور لیسبون,1409
https://nahalgasht.com/tours/europe/bulgaria/summer/,تور بلغارستان تابستان 1405,1397
https://nahalgasht.com/tours/domestic/kish/spring/ordibehsht/,تور کیش اردیبهشت 1405,1385
https://nahalgasht.com/tours/turkey/antalya/winter/,تور آنتالیا زمستان,1380
https://nahalgasht.com/tours/turkey/antalya/from-isfahan/,تور آنتالیا از اصفهان,1374
https://nahalgasht.com/tours/domestic/shiraz/spring/khordad/,تور شیراز خرداد 1405,1348
https://nahalgasht.com/tours/fall/,تور پاییز 1405,1338
https://nahalgasht.com/tours/europe/switzerland-italy/,تور سوئیس ایتالیا,1335
https://nahalgasht.com/tours/domestic/kish/honey-moon/,تور کیش ماه عسل,1332
https://nahalgasht.com/tours/turkey/marmaris/summer/,تور مارماریس تابستان 1405,1292
https://nahalgasht.com/tours/mashhad/karen-hotel/,تور مشهد هتل کارن,1276
https://nahalgasht.com/tours/africa/south/nowruz/,تور آفریقای جنوبی نوروز 1405,1272
https://nahalgasht.com/tours/domestic/tabriz/from-mashhad/,تور تبریز از مشهد,1271
https://nahalgasht.com/tours/turkey/kusadasi/summer/,تور کوش آداسی تابستان 1405,1258
https://nahalgasht.com/tours/europe/fall/,تور اروپا پاییز 1405,1243
https://nahalgasht.com/tours/asia/thailand/phuket/winter/bahman/,تور پوکت بهمن 1405,1243
https://nahalgasht.com/tours/mashhad/sahand1-hotel/,تور مشهد هتل سهند 1,1240
https://nahalgasht.com/tours/asia/georgia/tbilisi/nowruz/,تور تفلیس نوروز 1405,1233
https://nahalgasht.com/tours/europe/spring/,تور اروپا بهار 1405,1228
https://nahalgasht.com/tours/domestic/bandar-anzali/,تور بندر انزلی,1219
https://nahalgasht.com/tours/domestic/chabahar/winter/dey/,تور چابهار دی 1405,1217
https://nahalgasht.com/tours/domestic/qeshm/avina-hotel/,تور قشم هتل آوینا,1217
https://nahalgasht.com/tours/mashhad/homa-1-hotel/,تور مشهد هتل هما 1 (احمد آباد),1208
https://nahalgasht.com/tours/asia/malaysia/summer/,تور مالزی تابستان 1405,1207
https://nahalgasht.com/tours/turkey/antalya/spring/ordibehesht/,تور آنتالیا اردیبهشت 1405,1202
https://nahalgasht.com/tours/domestic/kish/lilium-hotel/,تور کیش هتل لیلیوم,1178
https://nahalgasht.com/tours/asia/india/winter/,تور هند زمستان 1405,1174
https://nahalgasht.com/tours/asia/russia/mahan-airline/,تور روسیه با پرواز ماهان,1159
https://nahalgasht.com/tours/asia/thailand/spring/khordad/,تور تایلند خرداد 1405,1152
https://nahalgasht.com/tours/asia/armenia/spring/ordibehesht/,تور ارمنستان اردیبهشت 1405,1143
https://nahalgasht.com/tours/europe/germany/frankfurt/,تور فرانکفورت,1141
https://nahalgasht.com/tours/domestic/yazd/nowruz/,تور یزد نوروز 1405,1140
https://nahalgasht.com/tours/mashhad/muharram/,تور مشهد محرم 1405,1124
https://nahalgasht.com/tours/mashhad/savin-hotel/,تور مشهد هتل ساوین,1110
https://nahalgasht.com/tours/america/,تورهای قاره آمریکا,1107
https://nahalgasht.com/tours/europe/spain/summer/,تور اسپانیا تابستان 1405,1105
https://nahalgasht.com/tours/asia/russia/spring/khordad/,تور روسیه خرداد 1405,1079
https://nahalgasht.com/tours/europe/france/summer/,تور فرانسه تابستان 1405,1067
https://nahalgasht.com/tours/europe/winter/,تور اروپا زمستان 1405,1049
https://nahalgasht.com/tours/turkey/van/haldi-hotel/,تور وان هتل هالدی,1049
https://nahalgasht.com/tours/mashhad/spring/,تور مشهد بهار 1405,1037
https://nahalgasht.com/tours/domestic/kish/flight-mahan/,تور کیش با پرواز ماهان,1037
https://nahalgasht.com/tours/asia/india/summer/,تور هند تابستان 1405,1029
https://nahalgasht.com/tours/domestic/chabahar/winter/,تور چابهار زمستان 1405,1015
https://nahalgasht.com/tours/europe/from-shiraz/,تور اروپا از شیراز,1009
https://nahalgasht.com/tours/europe/france/fall/,تور فرانسه پاییز 1405,995
https://nahalgasht.com/tours/domestic/tabriz/nowruz/,تور تبریز نوروز 1405,995
https://nahalgasht.com/tours/turkey/bodrum/summer/,تور بدروم تابستان 1405,993
https://nahalgasht.com/tours/turkey/antalya/summer/tir/,تور آنتالیا تیر 1405,979
https://nahalgasht.com/tours/asia/china/fall/,تور چین پاییز 1405,972
https://nahalgasht.com/tours/asia/russia/aurora/,تور شفق قطبی روسیه,961
https://nahalgasht.com/tours/asia/singapore/summer/,تور سنگاپور تابستان 1405,960
https://nahalgasht.com/tours/domestic/shiraz/spring/,تور شیراز بهار 1405,950
https://nahalgasht.com/tours/turkey/fethiye/,تور فتحیه,935
https://nahalgasht.com/tours/domestic/tabriz/spring/ordibehesht/,تور تبریز اردیبهشت 1405,934
https://nahalgasht.com/tours/europe/switzerland/summer/,تور سوئیس تابستان 1405,888
https://nahalgasht.com/tours/asia/thailand/spring/ordibehesht/,تور تایلند اردیبهشت 1405,885
https://nahalgasht.com/tours/turkey/istanbul/winter/,تور استانبول زمستان 1405,867
https://nahalgasht.com/tours/turkey/istanbul/christmas/,تور استانبول کریسمس 2026,843
https://nahalgasht.com/tours/asia/thailand/pattaya/nowruz/,تور پاتایا نوروز 1405,836
https://nahalgasht.com/tours/asia/maldives/fall/,تور مالدیو پاییز 1405,834
https://nahalgasht.com/tours/asia/singapore/winter/,تور سنگاپور زمستان 1405,834
https://nahalgasht.com/tours/asia/india/fall/,تور هند پاییز 1405,803
https://nahalgasht.com/tours/europe/italy/summer/,تور ایتالیا تابستان 1405,792
https://nahalgasht.com/tours/asia/thailand/phuket/winter/,تور پوکت زمستان 1405,790
https://nahalgasht.com/tours/foreign/australia/,تور استرالیا,785
https://nahalgasht.com/tours/asia/georgia/fall/,تور گرجستان پاییز 1405,780
https://nahalgasht.com/tours/europe/from-mashhad/,تور اروپا از مشهد,755
https://nahalgasht.com/tours/mashhad/summer/shahrivar/,تور مشهد شهریور 1405,749
https://nahalgasht.com/tours/exhibition/expo/,تورهای اکسپو ژاپن 2026,749
https://nahalgasht.com/tours/europe/bulgaria/varna/,تور وارنا,748
https://nahalgasht.com/tours/turkey/antalya/summer/shahrivar/,تور آنتالیا شهریور 1405,743
https://nahalgasht.com/tours/asia/indonesia/nowruz/,تور اندونزی نوروز 1405,720
https://nahalgasht.com/tours/turkey/antalya/summer/mordad/,تور آنتالیا مرداد 1405,711
https://nahalgasht.com/tours/domestic/qeshm/spring/ordibehesht/,تور قشم اردیبهشت 1405,696
https://nahalgasht.com/tours/asia/sri-lanka/from-shiraz/,تور سریلانکا از شیراز,690
https://nahalgasht.com/tours/asia/armenia/fall/,تور ارمنستان پاییز 1405,682
https://nahalgasht.com/tours/asia/china/shanghai/,تور شانگهای,680
https://nahalgasht.com/tours/asia/qatar/world-cup-2022/,تور جام جهانی قطر ۲۰۲۲,676
https://nahalgasht.com/tours/asia/afc-asian-cup/,تور جام ملت‌های آسیا,652
https://nahalgasht.com/tours/turkey/istanbul/spring/,تور استانبول بهار 1405,639
https://nahalgasht.com/tours/asia/india/winter/dey/,تور هند دی 1405,639
https://nahalgasht.com/tours/turkey/istanbul/summer/tir/,تور استانبول تیر 1405,636
https://nahalgasht.com/tours/mashhad/negin-pasargad-hotel/,تور مشهد هتل نگین پاسارگاد,621
https://nahalgasht.com/tours/asia/thailand/fall/mehr/,تور تایلند مهر 1405,621
https://nahalgasht.com/tours/asia/malaysia/spring/,تور مالزی بهار 1405,620
https://nahalgasht.com/tours/mashhad/ziyafe-alzahra-hotel/,تور مشهد هتل ضیافة الزهرا,614
https://nahalgasht.com/tours/asia/india/fall/azar/,تور هند آذر 1405,612
https://nahalgasht.com/tours/asia/armenia/summer/mordad/,تور ارمنستان مرداد 1405,599
https://nahalgasht.com/tours/domestic/qeshm/summer/,تور قشم تابستان 1405,596
https://nahalgasht.com/tours/domestic/shiraz/summer/,تور شیراز تابستان 1405,591
https://nahalgasht.com/tours/asia/azerbaijan/ground/,تور آذربایجان زمینی,585
https://nahalgasht.com/tours/asia/vietnam/summer/,تور ویتنام تابستان 1405,581
https://nahalgasht.com/tours/asia/indonesia/bali/spring/,تور بالی بهار 1405,576
https://nahalgasht.com/tours/domestic/tabriz/spring/,تور تبریز بهار 1405,565
https://nahalgasht.com/tours/asia/indonesia/bali/fall/,تور بالی پاییز 1405,549
https://nahalgasht.com/tours/domestic/shiraz/spring/farvardin/,تور شیراز فروردین 1405,532
https://nahalgasht.com/tours/mashhad/fall/mehr/,تور مشهد مهر 1405,524
https://nahalgasht.com/tours/asia/india/spring/,تور هند بهار 1405,518
https://nahalgasht.com/tours/asia/thailand/phuket/fall/,تور پوکت پاییز 1405,502
https://nahalgasht.com/tours/turkey/istanbul/fall/,تور استانبول پاییز 1405,501
https://nahalgasht.com/tours/turkey/antalya/fall/,تور آنتالیا پاییز 1405,501
https://nahalgasht.com/tours/asia/russia/spring/,تور روسیه بهار 1405,497
https://nahalgasht.com/tours/domestic/kish/fall/,تور کیش پاییز 1405,481
https://nahalgasht.com/tours/asia/russia/summer/tir/,تور روسیه تیر 1405,479
https://nahalgasht.com/tours/domestic/kish/summer/shahrivar/,تور کیش شهریور 1405,478
https://nahalgasht.com/tours/europe/spain/valencia/,تور والنسیا,472
https://nahalgasht.com/tours/europe/germany/munich/,تور مونیخ,468
https://nahalgasht.com/tours/europe/spain/nowruz/,تور اسپانیا نوروز 1405,442
https://nahalgasht.com/tours/domestic/qeshm/spring/khordad/,تور قشم خرداد 1405,442
https://nahalgasht.com/tours/asia/thailand/fall/,تور تایلند پاییز 1405,435
https://nahalgasht.com/tours/turkey/istanbul/avantgarde-hotel/,تور استانبول هتل آوانتگارد,417
https://nahalgasht.com/tours/europe/croatia/,تور کرواسی,412
https://nahalgasht.com/tours/domestic/kish/summer/tir/,تور کیش تیر 1405,412
https://nahalgasht.com/tours/turkey/kusadasi/summer/tir/,تور کوش آداسی تیر 1405,400
https://nahalgasht.com/tours/asia/singapore/fall/,تور سنگاپور پاییز 1405,381
https://nahalgasht.com/tours/asia/sri-lanka/fall/,تور سریلانکا پاییز 1405,356
https://nahalgasht.com/tours/turkey/izmir/fall/,تور ازمیر پاییز 1405,345
https://nahalgasht.com/tours/turkey/istanbul/radisson-blu-hotel/,تور استانبول هتل رادیسون بلو,335
https://nahalgasht.com/tours/europe/slovakia/,تور اسلواکی,331
https://nahalgasht.com/tours/asia/india/goa/winter/dey/,تور گوا دی 1405,330
https://nahalgasht.com/tours/asia/thailand/phuket/fall/azar/,تور پوکت آذر 1405,317
https://nahalgasht.com/tours/mashhad/summer/tir/,تور مشهد تیر 1405,315
https://nahalgasht.com/tours/asia/malaysia/fall/azar/,تور مالزی آذر 1405,307
https://nahalgasht.com/tours/domestic/chabahar/spring/,تور چابهار بهار 1405,305
https://nahalgasht.com/tours/domestic/shiraz/khordad-holiday/,تور شیراز تعطیلات خرداد 1405,292
https://nahalgasht.com/tours/asia/combined-korea-japan/,تور ترکیبی کره جنوبی و ژاپن,255
https://nahalgasht.com/tours/turkey/trabzon/summer/tir/,تور ترابزون تیر 1405,254
https://nahalgasht.com/tours/domestic/tabriz/summer/,تور تبریز تابستان 1405,243
https://nahalgasht.com/tours/domestic/isfahan/summer/,تور اصفهان تابستان 1405,239
https://nahalgasht.com/tours/europe/bulgaria/varna/summer/,تور وارنا تابستان 1405,225
https://nahalgasht.com/tours/asia/russia/summer/shahrivar/,تور روسیه شهریور 1405,218
https://nahalgasht.com/tours/asia/thailand/fall/azar/,تور تایلند آذر 1405,217
https://nahalgasht.com/tours/domestic/kish/summer/mordad/,تور کیش مرداد 1405,197
https://nahalgasht.com/tours/mashhad/summer/mordad/,تور مشهد مرداد 1405,182
https://nahalgasht.com/tours/domestic/chabahar/spring/ordibehesht/,تور چابهار اردیبهشت 1405,162
https://nahalgasht.com/tours/domestic/chabahar/summer/tir/,تور چابهار تیر 1405,137
https://nahalgasht.com/tours/domestic/chabahar/spring/khordad/,تور چابهار خرداد 1405,117
https://nahalgasht.com/tours/turkey/antalya/next-season/,تور آنتالیا بهار 1405,116
https://nahalgasht.com/tours/asia/indonesia/bali/fall/mehr/,تور بالی مهر 1405,0
https://nahalgasht.com/tours/asia/china/beijing/,تور پکن,0
https://nahalgasht.com/tours/asia/malaysia/fall/aban/,تور مالزی آبان 1405,0
https://nahalgasht.com/tours/domestic/chabahar/summer/mordad/,تور چابهار مرداد 1405,0
https://nahalgasht.com/tours/domestic/qeshm/summer/shahrivar/,تور قشم شهریور 1405,0
https://nahalgasht.com/tours/asia/india/goa/fall/azar/,تور گوا آذر 1405,0
https://nahalgasht.com/tours/domestic/qeshm/fall/,تور قشم پاییز 1405,0
https://nahalgasht.com/tours/domestic/shiraz/talar-hotel/,تور شیراز هتل تالار,0
https://nahalgasht.com/tours/asia/emirates/dubai/summer/tir/,تور دبی تیر 1405,0
https://nahalgasht.com/tours/asia/india/fall/mehr/,تور هند مهر 1405,0
https://nahalgasht.com/tours/turkey/antalya/sunexpress-airline/,تور آنتالیا پرواز سان اکسپرس,0
https://nahalgasht.com/tours/asia/georgia/fall/aban/,تور گرجستان آبان 1405,0
https://nahalgasht.com/tours/asia/india/goa/fall/,تور گوا پاییز 1405,0
https://nahalgasht.com/tours/mashhad/fall/aban/,تور مشهد آبان 1405,0
https://nahalgasht.com/tours/domestic/qeshm/summer/tir/,تور قشم تیر 1405,0
https://nahalgasht.com/tours/asia/malaysia/fall/mehr/,تور مالزی مهر 1405,0
https://nahalgasht.com/tours/turkey/marmaris/fall/,تور مارماریس پاییز 1405,0
https://nahalgasht.com/tours/asia/armenia/these-seasons/,تور ارمنستان بهار و تابستان ۱۴۰۵,0
https://nahalgasht.com/tours/asia/russia/moscow-saint-petersburg/,تور مسکو سنت پترزبورگ,0
https://nahalgasht.com/tours/asia/malaysia/fall/,تور مالزی پاییز 1405,0
https://nahalgasht.com/tours/europe/italy/sorrento/,تور سورنتو,0
https://nahalgasht.com/tours/domestic/qeshm/summer/mordad/,تور قشم مرداد 1405,0
https://nahalgasht.com/tours/domestic/shiraz/fall/,تور شیراز پاییز 1405,0
https://nahalgasht.com/tours/europe/switzerland/lugano/,تور لوگانو,0
https://nahalgasht.com/tours/asia/armenia/fall/mehr/,تور ارمنستان مهر 1405,0
https://nahalgasht.com/tours/domestic/kish/fall/mehr/,تور کیش مهر 1405,0
https://nahalgasht.com/tours/turkey/istanbul/fall/aban/,تور استانبول آبان 1405,0
https://nahalgasht.com/tours/domestic/kish/fall/aban/,تور کیش آبان 1405,0
https://nahalgasht.com/tours/mashhad/fall/,تور مشهد پاییز 1405,0
https://nahalgasht.com/tours/turkey/istanbul/fall/mehr/,تور استانبول مهر 1405,0